{"cameraMode":{"drawMode":0,"name":"Shaded","section":"Shading Mode"},"sceneLighting":false,"audioPlay":false,"sceneViewState":{"m_AlwaysRefresh":false,"showFog":true,"showSkybox":true,"showFlares":true,"showImageEffects":true,"showParticleSystems":true,"showVisualEffectGraphs":true,"m_FxEnabled":true},"in2DMode":false,"pivot":{"x":0.39428865909576418,"y":-1.7937023639678956,"z":13.116188049316407},"rotation":{"x":-0.10957121849060059,"y":-0.01580677181482315,"z":0.0017542032292112709,"w":-0.9938299655914307},"size":8.61513614654541,"orthographic":false}